{
    "A2C": {
        "timesteps": [
            500,
            1000,
            1500,
            2000,
            2500,
            3000,
            3500,
            4000,
            4500,
            5000,
            5500,
            6000,
            6500,
            7000,
            7500,
            8000,
            8500,
            9000,
            9500,
            10000,
            10500,
            11000,
            11500,
            12000,
            12500,
            13000,
            13500,
            14000,
            14500,
            15000,
            15500,
            16000,
            16500,
            17000,
            17500,
            18000,
            18500,
            19000,
            19500,
            20000
        ],
        "mean_reward": [
            265.9,
            289.6,
            132.8,
            226.9,
            273.3,
            202.9,
            500.0,
            436.5,
            414.9,
            362.7,
            500.0,
            500.0,
            500.0,
            246.8,
            177.4,
            174.9,
            496.0,
            460.0,
            496.8,
            149.0,
            152.6,
            118.3,
            152.9,
            219.5,
            459.1,
            500.0,
            500.0,
            500.0,
            500.0,
            471.4,
            463.7,
            292.4,
            500.0,
            500.0,
            500.0,
            489.2,
            484.5,
            500.0,
            449.8,
            500.0
        ],
        "std_reward": [
            74.51905796506018,
            80.27602381782496,
            71.4364052847006,
            137.81324319527496,
            135.9014716623775,
            69.10057886877648,
            0.0,
            113.49295132297864,
            108.1410652804937,
            100.88612392197453,
            0.0,
            0.0,
            0.0,
            126.94707558663966,
            23.614402384985315,
            29.025678286648187,
            12.0,
            67.84541251993387,
            9.6,
            22.41428116179504,
            15.041276541570534,
            18.039124147252828,
            83.34680557765847,
            67.37098782116824,
            45.89215619253469,
            0.0,
            0.0,
            0.0,
            0.0,
            39.68425380424835,
            52.23801297905578,
            81.87820222745489,
            0.0,
            0.0,
            0.0,
            32.4,
            25.85826753670864,
            0.0,
            86.2841816325565,
            0.0
        ],
        "training_time_minutes": 1.8329479416211447
    },
    "PPO": {
        "timesteps": [
            500,
            1000,
            1500,
            2000,
            2500,
            3000,
            3500,
            4000,
            4500,
            5000,
            5500,
            6000,
            6500,
            7000,
            7500,
            8000,
            8500,
            9000,
            9500,
            10000,
            10500,
            11000,
            11500,
            12000,
            12500,
            13000,
            13500,
            14000,
            14500,
            15000,
            15500,
            16000,
            16500,
            17000,
            17500,
            18000,
            18500,
            19000,
            19500,
            20000
        ],
        "mean_reward": [
            9.6,
            9.6,
            9.9,
            9.4,
            159.8,
            160.2,
            178.8,
            173.4,
            252.4,
            371.9,
            288.8,
            359.9,
            371.5,
            343.0,
            364.6,
            329.7,
            440.8,
            456.4,
            471.7,
            440.3,
            475.6,
            435.4,
            478.6,
            406.1,
            481.0,
            471.4,
            456.4,
            476.9,
            500.0,
            500.0,
            500.0,
            500.0,
            500.0,
            500.0,
            500.0,
            500.0,
            500.0,
            500.0,
            494.7,
            500.0
        ],
        "std_reward": [
            0.4898979485566356,
            0.4898979485566356,
            0.5385164807134504,
            0.66332495807108,
            51.150366567601445,
            57.12757652832824,
            67.1874988372093,
            67.2297553171213,
            139.92154944825333,
            148.47993130386342,
            162.93237861149638,
            154.86862174113904,
            118.79751680906466,
            140.85098508707705,
            138.66232364993743,
            131.4663835358682,
            90.59006568051488,
            87.42448169706242,
            62.734440301958536,
            91.72573248549178,
            54.05774690088369,
            88.40950175179137,
            64.2,
            94.53195227011871,
            30.8188254156449,
            47.21906394667307,
            53.58581901958764,
            47.10084924924389,
            0.0,
            0.0,
            0.0,
            0.0,
            0.0,
            0.0,
            0.0,
            0.0,
            0.0,
            0.0,
            15.9,
            0.0
        ],
        "training_time_minutes": 1.4405826012293497
    }
}