{
    "A2C": {
        "timesteps": [
            40000,
            80000,
            120000,
            160000,
            200000,
            240000,
            280000,
            320000,
            360000,
            400000,
            440000,
            480000
        ],
        "mean_reward": [
            -37.225143499999994,
            -8.548425149999998,
            -55.184153,
            150.5602335,
            -88.23526159999999,
            -45.677735850000005,
            -59.584990749999996,
            -59.26211875,
            202.66256435,
            94.19467360000002,
            53.0174473,
            193.02051775
        ],
        "std_reward": [
            250.25092188227876,
            36.030761857674456,
            27.20005236384537,
            105.57659598848085,
            60.09586010086798,
            77.52394459616039,
            26.43135793403253,
            35.40275445776563,
            74.68636533220062,
            133.13260999042478,
            103.7693132245132,
            60.056457923093234
        ],
        "training_time_minutes": 13.095844062169393
    },
    "PPO": {
        "timesteps": [
            40000,
            80000,
            120000,
            160000,
            200000,
            240000,
            280000,
            320000,
            360000,
            400000,
            440000,
            480000
        ],
        "mean_reward": [
            -1341.8725044500002,
            -315.4961812,
            -57.635962649999996,
            191.59700690000003,
            194.07361329999998,
            152.32680025,
            163.2744776,
            215.75088895,
            230.57008765,
            191.9123683,
            231.82934705000002,
            222.41725094999998
        ],
        "std_reward": [
            1041.6242387707275,
            108.20592875587826,
            24.14519787351653,
            40.67050906436067,
            62.58240544694292,
            110.85735204316815,
            97.6283167946036,
            70.7279751956399,
            54.41234708894616,
            103.46666701057926,
            63.13230576148107,
            78.37934319995507
        ],
        "training_time_minutes": 13.496420057614644
    }
}