{
    "A2C": {
        "timesteps": [
            2000,
            4000,
            6000,
            8000,
            10000,
            12000,
            14000,
            16000,
            18000,
            20000,
            22000,
            24000,
            26000,
            28000,
            30000,
            32000,
            34000,
            36000,
            38000,
            40000,
            42000,
            44000,
            46000,
            48000,
            50000,
            52000,
            54000,
            56000,
            58000,
            60000,
            62000,
            64000,
            66000,
            68000,
            70000,
            72000,
            74000,
            76000,
            78000,
            80000,
            82000,
            84000,
            86000,
            88000,
            90000,
            92000,
            94000,
            96000,
            98000,
            100000
        ],
        "mean_reward": [
            0.08,
            0.0,
            0.14,
            0.14,
            0.04,
            0.32,
            0.24,
            0.38,
            0.3,
            0.56,
            0.58,
            0.66,
            0.58,
            0.76,
            0.76,
            0.68,
            0.62,
            0.74,
            0.72,
            0.7,
            0.52,
            0.7,
            0.66,
            0.62,
            0.74,
            0.76,
            0.72,
            0.74,
            0.66,
            0.6,
            0.7,
            0.58,
            0.64,
            0.7,
            0.6,
            0.64,
            0.66,
            0.66,
            0.54,
            0.64,
            0.52,
            0.72,
            0.58,
            0.62,
            0.68,
            0.58,
            0.64,
            0.52,
            0.64,
            0.62
        ],
        "std_reward": [
            0.2712931993250107,
            0.0,
            0.3469870314579494,
            0.34698703145794946,
            0.19595917942265428,
            0.466476151587624,
            0.4270831300812525,
            0.4853864439804639,
            0.458257569495584,
            0.4963869458396342,
            0.4935585071701226,
            0.4737087712930805,
            0.4935585071701226,
            0.4270831300812525,
            0.4270831300812525,
            0.46647615158762407,
            0.4853864439804639,
            0.4386342439892262,
            0.44899888641287294,
            0.458257569495584,
            0.49959983987187184,
            0.458257569495584,
            0.4737087712930805,
            0.4853864439804639,
            0.4386342439892262,
            0.4270831300812525,
            0.44899888641287294,
            0.4386342439892262,
            0.4737087712930804,
            0.4898979485566356,
            0.458257569495584,
            0.4935585071701226,
            0.48,
            0.458257569495584,
            0.4898979485566356,
            0.48,
            0.4737087712930805,
            0.4737087712930805,
            0.49839743177508455,
            0.48,
            0.4995998398718719,
            0.44899888641287294,
            0.4935585071701226,
            0.4853864439804639,
            0.466476151587624,
            0.4935585071701226,
            0.48,
            0.49959983987187184,
            0.48,
            0.4853864439804639
        ],
        "training_time_minutes": 3.1605265021324156
    },
    "PPO": {
        "timesteps": [
            2000,
            4000,
            6000,
            8000,
            10000,
            12000,
            14000,
            16000,
            18000,
            20000,
            22000,
            24000,
            26000,
            28000,
            30000,
            32000,
            34000,
            36000,
            38000,
            40000,
            42000,
            44000,
            46000,
            48000,
            50000,
            52000,
            54000,
            56000,
            58000,
            60000,
            62000,
            64000,
            66000,
            68000,
            70000,
            72000,
            74000,
            76000,
            78000,
            80000,
            82000,
            84000,
            86000,
            88000,
            90000,
            92000,
            94000,
            96000,
            98000,
            100000
        ],
        "mean_reward": [
            0.0,
            0.0,
            0.0,
            0.18,
            0.18,
            0.0,
            0.0,
            0.0,
            0.16,
            0.22,
            0.56,
            0.62,
            0.66,
            0.46,
            0.5,
            0.6,
            0.68,
            0.56,
            0.56,
            0.52,
            0.64,
            0.76,
            0.66,
            0.64,
            0.7,
            0.68,
            0.68,
            0.64,
            0.58,
            0.64,
            0.58,
            0.66,
            0.56,
            0.48,
            0.76,
            0.7,
            0.8,
            0.7,
            0.76,
            0.6,
            0.66,
            0.92,
            0.6,
            0.76,
            0.74,
            0.78,
            0.76,
            0.62,
            0.7,
            0.6
        ],
        "std_reward": [
            0.0,
            0.0,
            0.0,
            0.38418745424597095,
            0.38418745424597095,
            0.0,
            0.0,
            0.0,
            0.36660605559646714,
            0.41424630354415964,
            0.4963869458396342,
            0.4853864439804639,
            0.4737087712930805,
            0.49839743177508455,
            0.5,
            0.4898979485566356,
            0.46647615158762407,
            0.4963869458396343,
            0.4963869458396342,
            0.49959983987187184,
            0.48,
            0.4270831300812525,
            0.4737087712930805,
            0.48,
            0.458257569495584,
            0.46647615158762407,
            0.466476151587624,
            0.48,
            0.4935585071701226,
            0.48,
            0.4935585071701226,
            0.4737087712930805,
            0.4963869458396343,
            0.49959983987187184,
            0.4270831300812525,
            0.458257569495584,
            0.4,
            0.45825756949558405,
            0.4270831300812525,
            0.4898979485566356,
            0.4737087712930804,
            0.2712931993250107,
            0.4898979485566356,
            0.4270831300812525,
            0.4386342439892262,
            0.41424630354415953,
            0.4270831300812525,
            0.4853864439804639,
            0.458257569495584,
            0.4898979485566356
        ],
        "training_time_minutes": 2.861549743016561
    }
}